drug,uses,dosage,warnings
1 Bladder, INDICATIONS:  For temporary relief of irritation.  INDICATIONS:  For temporary relief of irritation.,," WARNINGS:   ​If pregnant or breast-feeding,  ​Keep out of reach of children. Do not use if tamper evident seal is broken or missing. Store in a cool, dry place."
12 Male Reproductive," INDICATIONS:  For the temporary relif of emotionlessness, denial, numbness, and unresponsiveness.  INDICATIONS:  For the temporary relif of emotionlessness, denial, numbness, and unresponsiveness.",," WARNINGS:   ​If pregnant or breast-feeding,  ​Keep out of reach of children. Do not use if tamper evident seal is broken or missing. Store in a cool, dry place."
4 Kids Cold and Cough Day and Night Grape Flavor," Indications and Usage  update: Uses  Temporarily relieves symptoms of common cold in children, including: runny nose  sore throat sneezing cough  post nasal drip nasal or chest congestion", Dosage and Administration    Directions  5 mL up to 6 times per day (every 4 hours)  10 mL up to 6 times per day (every 4 hours)  15 mL up to 6 times per day (every 4 hours),
8 Small Intestine, INDICATIONS:  For the temporary relief of feeling vulnerable and feeling lost.  INDICATIONS:  For the temporary relief of feeling vulnerable and feeling lost.,," WARNINGS:   ​If pregnant or breast-feeding,  ​Keep out of reach of children. Do not use if tamper evident seal is broken or missing. Store in a cool, dry place."
911 Adrenal Burnout and Fatigue,,," Warnings   Stop use and consult a physician  If pregnant or breast-feeding Keep out of reach of children. In case of overdose, get medical help or contact a Poison Control Center immediately. Reference image: 911 Adrenal.jpg"
911 Stress and Anxiety,,," Warnings   Stop use and consult a physician  If pregnant or breast-feeding Keep out of reach of children. In case of overdose, get medical help or contact a Poison Control Center immediately. Reference image: 911.jpg"
ALLERGYCALM,,,
APIS MELLIFERA,,, WARNINGS  Stop use and ask a physician if symptoms persist for more than 3 days or worsen.
APIS MELLIFICA 200CK,,, WARNINGS  Stop use and ask a physician if symptoms persist for more than 3 days or worsen.
ARNICA MONTANA  30C - 3-PACK,,, WARNINGS  Stop use and ask a physician if symptoms persist for more than 3 days or worsen.
ARNICARE ARTHRITIS,,,
Acne Rescue, INDICATIONS:  Temporarily relieves symptoms associated with acne: • pimples • redness • itching • inflammation.** **These statements are based upon traditional homeopathic practice. They have not been reviewed by the Food and Drug Administration.,," WARNINGS:   For external use only.  ﻿When using this product  ﻿• Do not get into eyes   Stop use and ask a doctor if  • Condition worsens  • Symptoms last more than 7 days   Keep out of reach of children.    ﻿If pregnant or breast-feeding,"
Aconitum Napellus 30X,,,
Adrenal Tonic,,," WARNINGS:   If pregnant or breast-feeding,  Keep out of reach of children. Do not use if tamper evident seal is broken or missing. Store in a cool, dry place."
Advanced Arnica Plus,,," Warnings   Stop use and consult a physician if  If pregnant or breast-feeding Keep out of reach of children. In case of overdose, get medical help or contact a Poison Control Center immediately. Reference image: Advanced Arnica.jpg"
Airway Ease," INDICATIONS & USAGE SECTION  Formulated for symptoms such as wheezing, shortness of breath, congestion, coughing and inflammation.", DOSAGE & ADMINISTRATION SECTION   Directions:," WARNINGS SECTION   Warning: Keep out of reach of children. Do not use ​pregnant or breast-feeding,"
Albuforce,,," WARNINGS:   If pregnant or breast-feeding,  Keep out of reach of children. Do not use if tamper evident seal is broken or missing. Store in a cool, dry place."
Allergies,,, Warnings   If symptoms persist or worsen  Keep out of reach of children.
Allergies Pacific U.S.,,," Warnings   Stop use and ask your doctor if symptoms persist or worsen.  If pregnant or breast-feeding, take only on advice of a healthcare professional.  Keep out of reach of children. Reference image:Allergies Pacific.jpg"
Apiol," HOMEOPATHIC INDICATIONS:  For temporary relief of symptoms related to Apiol sensitivity including joint pain, loose stools, stomach upset, menstrual cramps, headache, lack of menstrual periods, rash, and swollen tongue. **   HOMEOPATHIC INDICATIONS:  For temporary relief of symptoms related to Apiol sensitivity including joint pain, loose stools, stomach upset, menstrual cramps, headache, lack of menstrual periods, rash, and swollen tongue. ** **These statements are based upon traditional homeopathic principles. They have not been reviewed by the Food and Drug Administration.",," WARNINGS:   Keep out of reach of children.  If pregnant or breast-feeding, Tamper seal: ""Sealed for Your Protection."" Do not use if seal is broken or missing."
Apis mellifica 30X,,,
Apizastat," INDICATIONS:  May temporarily relieve symptoms of fatigue, indigestion and abdominal pain with bloating.** **Claims based on traditional homeopathic practice, not accepted medical evidence. Not FDA evaluated.  INDICATIONS:  May temporarily relieve symptoms of fatigue, indigestion and abdominal pain with bloating.** **Claims based on traditional homeopathic practice, not accepted medical evidence. Not FDA evaluated.",," WARNINGS:   If pregnant or breastfeeding,  Keep out of reach of children. Do not use if tamper evident seal is broken or missing. Store in a cool, dry place."
Apnetem,,," WARNINGS:   As with any drug, ask a doctor before use if pregnant or nursing.  Keep this and all medications out of the reach of children.  In case of accidental overdose, contact a medical professional or poison control center immediately."
Appetite and Weight with P.H.A.T.,,," Warnings   Stop use and consult a physician  If pregnant or breast-feeding Keep out of reach of children. In case of overdose, get medical help or contact a Poison Control Center immediately. Reference image:Appetite and Weight.jpg"
Aquaflora High Potency 9,,," Warnings   Stop use and consult a physician If pregnant or breast-feeding, ask a healthcare  Keep out of reach of children. Reference image: High Potency 9.jpg"
Argentyn 23,,,
Arnica Montana,,,
Arnica montana 30X,,,
Arsenicum Album 30X,,,
Arterioforce," INDICATIONS:  For temporary relief of heaviness, tiredness after minimal exercise, difficulty breathing after exercise.  INDICATIONS:  For temporary relief of heaviness, tiredness after minimal exercise, difficulty breathing after exercise.",," WARNINGS:   If pregnant or breast-feeding,  Keep out of reach of children. Do not use if tamper evident seal is broken or missing. Store in cool, dry place."
Arthritis Pain and Joint Relief,,," Warnings   Stop use and consult a physician  If pregnant or breast-feeding Keep out of reach of children. In case of overdose, get medical help or contact a Poison Control Center immediately. Reference image:Arthritis Pain and Joint.jpg"
BELLADONNA 30C - 3-Pack,,, WARNINGS  Stop use and ask a physician if symptoms persist for more than 3 days or worsen.
BIOTOX," INDICATIONS:  For temporary relief of skin rash, childhood illness, headache, weight loss, mental and physical fatigue, fever, cough, flu-like symptoms, heart palpitations, virus, pain, swelling, stiffness of limbs.  INDICATIONS:  For temporary relief of skin rash, childhood illness, headache, weight loss, mental and physical fatigue, fever, cough, flu-like symptoms, heart palpitations, virus, pain, swelling, stiffness of limbs.",," WARNINGS:   If pregnant or breast-feeding,  Keep out of reach of children. Do not use if tamper evident seal is broken or missing. Store in a cool, dry place."
"Back, Muscle and Joint Relief",,," Warnings   Stop use and consult a physician  If pregnant or breast-feeding Keep out of reach of children. In case of overdose, get medical help or contact a Poison Control Center immediately. Reference image:Back Muscle and Joint.jpg"
Bacti Sode," INDICATIONS:  Aids in temporary relief of headache, runny nose, chills, minor cough, fatigue, and mild abdominal discomfort.† †Claims based on traditional homeopathic practice, not accepted medical evidence. Not FDA evaluated.",," WARNINGS:   Professional Use Only  If pregnant or breast-feeding, In case of overdose, get medical help or contact a Poison Control Center right away. If condition worsens, seek medical attention.  KEEP OUT OF REACH OF CHILDREN  Do not use if tamper evident seal is broken or missing.  Store in a cool place after opening"
Belladonna 30X,,,
Bestmade Natural Products - Mullein Ear Drops,,,
Bestmade Natural Products Aconitum Napellus,,,
Bestmade Natural Products Aethusa Cynapium,,,
Bestmade Natural Products Allium Cepa,,,
Bestmade Natural Products Alum (Kali Alum Sulph),,,
Bestmade Natural Products Anti Tartium,,,
Bestmade Natural Products Apis Mellifica,,,
Bestmade Natural Products Arsenicum Album,,,
Bestmade Natural Products Arsenicum Iodide (Ars Iod),,,
Bestmade Natural Products Aurum Chloride Sodium (Aurum Mur Nat),,,
Bestmade Natural Products Bryonia Alba,,,
Bestmade Natural Products Calcarea Carbonica,,,
Bestmade Natural Products Calcium Carbonate (Calc Carb),,,
Bestmade Natural Products Calcium Sulfide Hepar Sulph (Calc Sulf),,,
Bestmade Natural Products Cantharis,,,
Bestmade Natural Products Causticum,,,
Bestmade Natural Products Chamomilla,,,
Bestmade Natural Products China Off,,,
Bestmade Natural Products Cimicifuga Racemosa,,,
Bestmade Natural Products Cineraria Mar,,,
Bestmade Natural Products Colchicum Autumnale,,,
Bestmade Natural Products Colocynthis,,,
Bestmade Natural Products Conium Maculatum,,,
Bestmade Natural Products Copper Arsenite (Cuprum Ars),,,
Bestmade Natural Products Dulcamara,,,
Bestmade Natural Products Gelsemium,,,
Bestmade Natural Products Graphites,,,
Bestmade Natural Products Hepar Sulphuris,,,
Bestmade Natural Products Hyoscyamus Nig,,,
Bestmade Natural Products Ignatia Amara,,,
Bestmade Natural Products Lithium Chloride (Lith Mur),,,
Bestmade Natural Products Manganese Sulfate (Mang Sulf),,,
Bestmade Natural Products Nux Vomica,,,
Bestmade Natural Products Phos Acid,,,
Bestmade Natural Products Phosphorus,,,
Bestmade Natural Products Podophyllum,,,
Bestmade Natural Products Potassium Bromide (Kali Brom),,,
Bestmade Natural Products Potassium Dichromate Kali Dichrom (Kali Bich),,,
Bestmade Natural Products Potassium Iodide (Kali Iod),,,
Bestmade Natural Products Pulsatilla Nig,,,
Bestmade Natural Products Rhus Toxicodendron,,,
Bestmade Natural Products Ruta Gr,,,
Bestmade Natural Products Selenium,,,
Bestmade Natural Products Sepia,,,
Bestmade Natural Products Sodium Bicarbonate (Nat Bicarb),,,
Bestmade Natural Products Spongia Tosta,,,
Bestmade Natural Products Staphysagria,,,
Bestmade Natural Products Sulphur,,,
Bestmade Natural Products Veratrum Alb,,,
Bestmade Natural Products Zinc Chloride (Zinc Mur),,,
BioTox Hep," INDICATIONS:  Fatigue, fever, cough, flu-like symptoms, virus, pain, swelling, and stiffness of limbs.  INDICATIONS:  Fatigue, fever, cough, flu-like symptoms, virus, pain, swelling, and stiffness of limbs.",," WARNINGS:   If pregnant or breast-feeding,  Keep out of reach of children. Do not use if tamper evident seal is broken or missing. Store in a cool, dry place."
Bismuth Stibium,,,
"Bite, Bump and Rash Relief"," INDICATIONS:  May temporarily relieve itching, insect bites, poison ivy, rashes, eczema, hives, inflammation and irritated red skin.** **Claims based on traditional homeopathic practice, not accepted medical evidence. Not FDA evaluated.  INDICATIONS:  May temporarily relieve itching, insect bites, poison ivy, rashes, eczema, hives, inflammation and irritated red skin.** **Claims based on traditional homeopathic practice, not accepted medical evidence. Not FDA evaluated.",," WARNINGS:   For external use only.  If pregnant or breast-feeding,  Keep out of reach of children.  When using this product  Stop use and ask a doctor if Do not use if safety seal is broken or missing."
Blood Liquescence," INDICATIONS  Provides potentized homeo-nutritional support of the blood.† †Claims based on traditional homeopathic practice, not accepted medical evidence. Not FDA evaluated.",," WARNINGS:   Professional Use Only  If pregnant or breast-feeding, In case of overdose, get medical help or contact a Poison Control Center right away. If condition worsens, seek medical attention.  KEEP OUT OF REACH OF CHILDREN  Do not use if tamper evident seal is broken or missing.  Store in a cool place after opening"
Bryophyllum Avena,,,
CHAMOMILLA 30C - 3-Pack,,, WARNINGS  Stop use and ask a physician if symptoms persist for more than 3 days or worsen.
Calcarea Carbonic,,, WARNINGS  Stop use and ask a physician if symptoms persist for more than 3 days or worsen.
Camilia,,,
Candida,,," Warnings   Stop use and ask your doctor if  If pregnant or breast-feeding,  Keep out of reach of children. Reference image: Candida.jpg"
Cantharis,,, WARNINGS:  Stop use and ask a physician if symptoms persist for more than 3 days or worsen.
Cantharis 30c,,, WARNINGS:  Stop use and ask a physician if symptoms persist for more than 3 days or worsen.
Cesium Chloride, INDICATIONS:  For temporary relief of tissue acidosis; increases oxygen utilization within cells; increases alkalinity within cells.  INDICATIONS:  For temporary relief of tissue acidosis; increases oxygen utilization within cells; increases alkalinity within cells.,," WARNINGS:   If pregnant or breast-feeding,  Keep out of reach of children. Do not use if tamper evident seal is broken or missing. Store in cool, dry place."
Chamomilla, INDICATIONS:  To be used according to standard homeopathic indications.** **These statements are based upon traditional homeopathic practice. They have not been reviewed by the Food and Drug Administration.  INDICATIONS:  To be used according to standard homeopathic indications.** **These statements are based upon traditional homeopathic practice. They have not been reviewed by the Food and Drug Administration.,," WARNINGS:   If pregnant or breastfeeding,  Keep out of reach of children. Do not use if tamper evident seal is broken or missing. Store in a cool, dry place."
Chamomilla 30X,,,
Childrens Cold Crush,,,
Coffea Cruda 30X,,,
Coffee Tea Chocolate Antigens," INDICATIONS:   May temporarily relieve symptoms associated with coffee, tea, and chocolate allergies.** **Claims based on traditional homeopathic practice, not accepted medical evidence. Not FDA evaluated.  INDICATIONS:  May temporarily relieve symptoms associated with coffee, tea, and chocolate allergies.** **Claims based on traditional homeopathic practice, not accepted medical evidence. Not FDA evaluated.",," WARNINGS:   If pregnant or breast-feeding,  Keep out of reach of children. Do not use if tamper evident seal is broken or missing. Store in a cool, dry place."
Cold Flu Relief Berry," Indications & Usage   Shortens duration and reduces severity of symptoms associated with the common cold and throat/nasal/bronchial irritations, and temporarily relieves flu symptoms: chills/fever, chest congestion, nasal congestion, cough, headache, hoarseness, body aches, sneezing/runny nose, sore throat."," Dosage & Administration  Directions Tear packet open, pour contents into mouth and swallow. For best results, use at first sign of symptoms and continue to use for an additional 48 hours after symptoms cease. Adults & children 13 years of age and older: take contents of 1 packet three times daily. Children 6-12 years of age: take contents of 1 packet two times daily. Children under 6 years of age: consult a doctor.   Indications & Usage   Shortens duration and reduces severity of symptoms associated with the common cold and throat/nasal/bronchial irritations, and temporarily relieves flu symptoms: chills/fever, chest congestion, nasal congestion, cough, headache, hoarseness, body aches, sneezing/runny nose, sore throat.   Purpose  Shortens duration and reduces severity of symptoms associated with the common cold and throat/nasal/bronchial irritations, and temporarily relieves flu symptoms: chills/fever, chest congestion, nasal congestion, cough, headache, hoarseness, body aches, sneezing/runny nose, sore throat."," Warnings  Sore throat warning: if sore throat is severe, persists more than 2 days, is accompanied or following by a fever, headache, rash, nausea, or  vomiting, c onsult a doctor promptly."
Cold Relief Kids FastActives Cherry," Indications & Usage  Shortens duration and reduces severity of symptoms associated with the common cold and throat/nasal/bronchial irritations: chest congestion, nasal congestion, cough, hoarseness, sore throat."," Dosage & Administration  Tear packet open, pour contents into mouth and swallow. For best results, use at first sign of symptoms and continue to use for an additional 48 hours after symptoms cease.  Children 6-12 years of age: take contents of 1 packet two times daily Children under 6 years of age: consult a doctor   Indications & Usage  Shortens duration and reduces severity of symptoms associated with the common cold and throat/nasal/bronchial irritations: chest congestion, nasal congestion, cough, hoarseness, sore throat.   Purpose  Shortens duration and reduces severity of symptoms associated with the common cold and throat/nasal/bronchial irritations: chest congestion, nasal congestion, cough, hoarseness, sore throat."," Warning  Sore throat warning: if sore throat is severe, persists more than 2 days, is accompanied or followed by a fever, headache, rash, nausea, or vomiting, c onsult a doctor pomptly."
Cold Relief Lemon," Indications & Usage  Shortens duration and reduces severity of symptoms associated with the common cold and throat/nasal/bronchial irritations: chest congestion, nasal congestion, cough, hoarseness, sore throat."," Dosage & Administration  Dissolve contents of 1 packet in 4-6 ounces of hot water and sip while hot. May also be dissolved in 4-6 ounces of cold water, which may be preferable for children. Children 6-12 years of age: Take 1 packet two times daily. Children under 6 years of age: Consult a doctor.   Indications & Usage  Shortens duration and reduces severity of symptoms associated with the common cold and throat/nasal/bronchial irritations: chest congestion, nasal congestion, cough, hoarseness, sore throat.   Purpose  Shortens duration and reduces severity of symptoms associated with the common cold and throat/nasal/bronchial irritations: chest congestion, nasal congestion, cough, hoarseness, sore throat."," Warnings  Sore throat warning: if sore throat is severe, persists more than 2 days, is accompanied or followed by a fever, headache, rash, nausea, or vomiting, consult a doctor promptly."
Cough," INDICATIONS:  May temporarily relieve symptoms associated with chronic chest congestion: irritation, tickling, thick mucus, and cough with smarting in the chest.**  **Claims based on traditional homeopathic practice, not accepted medical evidence. Not FDA evaluated.  INDICATIONS:  May temporarily relieve symptoms associated with chronic chest congestion: irritation, tickling, thick mucus, and cough with smarting in the chest.** **Claims based on traditional homeopathic practice, not accepted medical evidence. Not FDA evaluated.",," WARNINGS:   If pregnant or breastfeeding,  Keep out of reach of children. Do not use if tamper evident seal is broken or missing. Store in a cool, dry place."
Coumarin," INDICATIONS:  For temporary relief of abdominal bloating, ear congestion, fatigue, gas, headaches, hay fever, generalized itching, and lower back pain.  INDICATIONS:  For temporary relief of abdominal bloating, ear congestion, fatigue, gas, headaches, hay fever, generalized itching, and lower back pain.",," WARNINGS:   If pregnant or breast-feeding  Keep out of reach of children Do not use if tamper evident seal is broken or missing. Store in cool, dry place."
Coumarin Phenolic," INDICATIONS:  May temporarily relieve symptoms associated with reactions to coumarin.** **Claims based on traditional homeopathic practice, not accepted medical evidence. Not FDA evaluated.  INDICATIONS:  May temporarily relieve symptoms associated with reactions to coumarin.** **Claims based on traditional homeopathic practice, not accepted medical evidence. Not FDA evaluated.",," WARNINGS:   If pregnant or breastfeeding,  Keep out of reach of children. Do not use if tamper evident seal is broken or missing. Store in a cool, dry place."
Cryptotox Combo," INDICATIONS:  For the temporary relief of nausea-vomiting, numbness, tingling, weakness and headache.  INDICATIONS:  For the temporary relief of nausea-vomiting, numbness, tingling, weakness and headache.",," WARNINGS:   ​If pregnant or breast-feeding,  ​Keep out of reach of children. Do not use if tamper evident seal is broken or missing. Store in a cool, dry place."
Degex Liquescence," INDICATIONS:  Provides potentized homeo-nutritional support to aid in support of cellular function.† †Claims based on traditional homeopathic practice, not accepted medical evidence. Not FDA evaluated.",," WARNINGS:   Professional Use Only  If pregnant or breast-feeding, In case of overdose, get medical help or contact a Poison Control Center right away. If condition worsens, seek medical attention.  KEEP OUT OF REACH OF CHILDREN  Do not use if tamper evident seal is broken or missing.  Store in a cool place after opening"
Diet Power," INDICATIONS:  Temporarily relieves the common symptoms of a reducing diet, including: ° excessive appetite ° food cravings ° low energy ° water retention ° natural ° gluten & lactose free ° no artificial flavors or colors ° no known negative side effects ° no known negative drug interactions",," WARNINGS:   If symptoms persist or worsen, If pregnant or breast-feeding, Keep out of reach of children."
Drainage,,," WARNINGS:   Sore Throat Warning Severe or persistent sore throat or sore throat accompanied by high fever, headache, nausea, and vomiting may be serious. Consult physician promptly. Do not use more than 2 days or administer to children under 3 years of age unless directed by physician.  If pregnant or breast-feeding,  Keep out of reach of children. Do not use if tamper evident seal is broken or missing. Store in a cool, dry place."
EASTER LILY," INDICATIONS:  May temporarily relieve symptoms of menstrual discomfort.** **Claims based on traditional homeopathic practice, not accepted medical evidence. Not FDA evaluated.  INDICATIONS:  May temporarily relieve symptoms of menstrual discomfort.** **Claims based on traditional homeopathic practice, not accepted medical evidence. Not FDA evaluated.",," WARNINGS:   If pregnant or breast-feeding, ask a health professional before use.  Keep out of reach of children. Do not use if tamper evident seal is broken or missing. Store in a cool, dry place."
ENT Support,,," WARNINGS:   If pregnant or breast-feeding,  Keep out of reach of children. Severe or persistent sore throat or sore throat accompanied by high fever, headache, nausea, and vomiting may be serious. Consult a physician promptly. Do not use more than two days or administer to children under 3 years of age unless directed by a physician.   Tamper Evident:"
Ear Ring,,," WARNINGS:   If pregnant or breastfeeding,  Keep out of reach of children.  Tamper Evident:"
Ear Ringing,,," Warnings   Stop use and consult a physician if  If pregnant or breast-feeding  Keep out of reach of children. In case of overdose, get medical help or contact a Poison Control Center immediately. Reference image:Ear Ringing.jpg"
Eczema Rescue, INDICATIONS:   May temporarily relieve minor symptoms of eczema.** ** These statements are based upon traditional homeopathic practice. They have not been reviewed by the Food and Drug Administration.  INDICATIONS:   May temporarily relieve minor symptoms of eczema.** ** These statements are based upon traditional homeopathic practice. They have not been reviewed by the Food and Drug Administration.,," WARNINGS:   For external use only.  If pregnant or breast-feeding,  Keep out of reach of children.  When using this product:  Stop use and ask a doctor if:  ALLERGY ALERT:"
Eezysun After Sun Cooling,,,
Emotional Eating," HOMEOPATHIC INDICATIONS:  For temporary relief of symptoms including constant appetite, increased or insatiable hunger.** **These statements are based upon homeopathic principles. They have not been reviewed by the Food and Drug Administration.  HOMEOPATHIC INDICATIONS:  For temporary relief of symptoms including constant appetite, increased or insatiable hunger.** **These statements are based upon homeopathic principles. They have not been reviewed by the Food and Drug Administration.",," WARNINGS:   Keep out of reach of children.  If pregnant or breast-feeding, Tamper seal: Sealed for your protection."
Energize," HOMEOPATHIC INDICATIONS:  For temporary relief of exhaustion, fatigue, and feelings of low energy.** **These statements are based upon traditional homeopathic principles. They have not been reviewed by the Food and Drug Administration.  HOMEOPATHIC INDICATIONS:  For temporary relief of exhaustion, fatigue, and feelings of low energy.** **These statements are based upon traditional homeopathic principles. They have not been reviewed by the Food and Drug Administration.",," WARNINGS:   If pregnant or breast-feeding,  Keep out of reach of children. In case of overdose, get medical help or contact a Poison Control Center right away. Tamper seal: ""Sealed for Your Protection."" Do not use if seal is broken or missing."
Female Stimulant,,," WARNINGS:   If pregnant or breast-feeding,  Keep out of reach of children.   Tamper Evident:"
Ferrum Phos,,,
First Aid Mind and Body,,," Warnings   Stop use and consult a physician  If pregnant or breast-feeding Keep out of reach of children. In case of overdose, get medical help or contact a Poison Control Center immediately. Reference image: Frist Aid Mind and Body.jpg"
GI Clear P," INDICATIONS:  May temporarily relieve nausea, diarrhea, abdominal cramping, gas, bloatin, dehydration, and fever.** **Claims based on traditional homeopathic practice, not accepted medical evidence. Not FDA evaluated.  INDICATIONS:  May temporarily relieve nausea, diarrhea, abdominal cramping, gas, bloatin, dehydration, and fever.** **Claims based on traditional homeopathic practice, not accepted medical evidence. Not FDA evaluated.",," WARNINGS:   If pregnant or breast-feeding,  Keep out of reach of children. Do not use if tamper evident seal is broken or missing. Store in a cool, dry place."
GLP Support,,," WARNINGS:   If pregnant or breastfeeding,  Keep out of reach of children.  Tamper Evident:"
Gelsemium Sempervirens 30X,,,
Good Mood Enhancer,,," Warnings   Stop use and consult a physician  If pregnant or breast-feeding Keep out of reach of children. In case of overdose, get medical help or contact a Poison Control Center immediately. Reference image:Good Mood.jpg"
Gout Relief 3310-S,,,
H- Eczema Formula," Indications:  For the temporary relief of eczema symptoms such as dryness, itching and irritation.",, Warnings:       For external use only.            Keep out of reach of children.    Keep away from eyes and mucous membranes. If swallowed get medical help       Discontinue use if irritation occurs.    Consult a doctor if symptoms worsen after 7 days.
H-Psoriasis Formula," Indications:  For the temporary relief of psoriasis symptoms such as dryness, itching and irritation.",, Warnings:   For external use only.              Keep away from eyes and mucous membranes. If swallowed get medical help or contact a Poison Control       Discontinue use if irritation occurs.    Consult a doctor if symptoms worsen after 7 days.
Headache Relief,,," Warnings   Stop use and consult a physician  If pregnant or breast-feeding  Keep out of reach of children. In case of overdose, get medical help or contact a Poison Control Center immediately. Reference image:Headache Relief.jpg"
Healthy Weight Formula," INDICATIONS:  For temporary relief of symptoms related to increased appetite, regulation of fat metabolism, headache, fatigue and detoxification stress.  INDICATIONS:  For temporary relief of symptoms related to increased appetite, regulation of fat metabolism, headache, fatigue and detoxification stress.",," WARNINGS:  Keep out of reach of children.  In case of overdose, get medical help or contact a Poison Control Center right away.  If pregnant or breast-feeding, ask a health professional before use.  Tamper seal:  Sealed for your protection.  Do not use if seal is broken or missing."
Heart Small Intestine Meridian Opener,,," WARNINGS:   If pregnant or breastfeeding,  Keep out of reach of children.  Tamper Evident:"
Hepastat," INDICATIONS:  May temporarily relieve indigestion, flatulence, exhaustion, nausea and constipation.** **Claims based on traditional homeopathic practice, not accepted medical evidence. Not FDA evaluated.  INDICATIONS:  May temporarily relieve indigestion, flatulence, exhaustion, nausea and constipation.** **Claims based on traditional homeopathic practice, not accepted medical evidence. Not FDA evaluated.",," WARNINGS:   If pregnant or breast-feeding,  Keep out of reach of children. Do not use if tamper evident seal is broken or missing. Store in a cool, dry place."
Histaminum hydrochloricum 30C - 3-Pack,,, WARNINGS  Stop use and ask a physician if symptoms persist for more than 3 days or worsen.
Hormone Balance," HOMEOPATHIC INDICATIONS:  Temporary relief of symptoms related to hormone imbalances or insufficiencies in men and women, including low energy, inability to handle stress, trouble focusing, changes in mood, infertility, irregular menstrual cycles (females) and lack of libido.** **These statements are based upon traditional homeopathic principles. They have not been reviewed by the Food and Drug Administration.  HOMEOPATHIC INDICATIONS:  Temporary relief of symptoms related to hormone imbalances or insufficiencies in men and women, including low energy, inability to handle stress, trouble focusing, changes in mood, infertility, irregular menstrual cycles (females) and lack of libido.** **These statements are based upon traditional homeopathic principles. They have not been reviewed by the Food and Drug Administration.",," WARNINGS:   Keep out of reach of children.  If pregnant or breast-feeding, Tamper seal: ""Sealed for Your Protection."" Do not use if seal is broken or missing."
Household Dust and Mold Mix," INDICATIONS:  Provides factors that mitigate hypersensitivity to household dusts, molds and mites.† †Claims based on traditional homeopathic practice, not accepted medical evidence. Not FDA evaluated.",," WARNINGS:   Professional Use Only  If pregnant or breast-feeding, In case of overdose, get medical help or contact a Poison Control Center right away. If condition worsens, seek medical attention.  KEEP OUT OF REACH OF CHILDREN  Do not use if tamper evident seal is broken or missing.  Store in a cool place after opening"
Hylands Naturals Earache Drops,,,
Hypericum Perforatum 30X,,,
I-Waker," INDICATIONS & USAGE SECTION  Formulated for symptoms such as hypersensitivity, debility, glandular swellings, infections and inflammation."," DOSAGE & ADMINISTRATION SECTION  Directions: Ages 12 and up, take 6 drops by mouth (ages 0 to 11, give 3 drops) three to four times daily or as directed by a health professional.", WARNINGS SECTION   WARNINGS: Keep out of reach of children. Do not use pregnant or breast-feeding
Ignatia Amara 30X,,,
Immu-n Waker," INDICATIONS & USAGE SECTION  Formulated for symptoms such as hypersensitivity, debility, glandular swellings, infections and inflammation."," DOSAGE & ADMINISTRATION SECTION  Directions: Ages 12 and up, take 6 drops by mouth (ages 0 to 11, give 3 drops) three to four times daily or as directed by a health professional.", WARNINGS SECTION   WARNINGS: Keep out of reach of children. Do not use pregnant or breast-feeding
Immune Support,,," WARNINGS:   If pregnant or breastfeeding,  Keep out of reach of children.  Tamper Evident:  Sore Throat Warning:"
Immuno-Boost," INDICATIONS:  For the temporary relief of symptoms of chronic illness including fatigue, effects of toxin buildup, slowed metabolism, weakened constitution.  INDICATIONS:  For the temporary relief of symptoms of chronic illness including fatigue, effects of toxin buildup, slowed metabolism, weakened constitution.",," WARNINGS:   Keep out of reach of children.  If pregnant or breast-feeding, Tamper seal: sealed for your protection"
Inflammation," INDICATIONS:  For temporary relief of swollen throat, minor throbbing pain deep in the ear; joints swollen and hot; chills and fever with nausea.  INDICATIONS:  For temporary relief of swollen throat, minor throbbing pain deep in the ear; joints swollen and hot; chills and fever with nausea.",," WARNINGS:   If pregnant or breast-feeding,  Keep out of reach of children. Do not use if tamper evident seal is broken or missing. Store in cool, dry place.  WARNING:"
Influaforce," INDICATIONS:  For temporary relief of minor aches and pains in muscles and joints, fever with dryness of mucous membranes and dry cough; muscular soreness and fatigue with headache.  INDICATIONS:  For temporary relief of minor aches and pains in muscles and joints, fever with dryness of mucous membranes and dry cough; muscular soreness and fatigue with headache.",," WARNINGS:   If pregnant or breast-feeding,  Keep out of reach of children. Do not use if tamper evident seal is broken or missing. Store in cool, dry place."
Influenzinum 200C,,," WARNINGS:   Stop use and ask a doctor if  If pregnant or breastfeeding,  Keep out of reach of children. DO NOT USE IF TAMPER EVIDENT SEAL IS BROKEN OR MISSING. Store in a cool, dry place."
Insecticides/Pest/Food Additives Detox," HOMEOPATHIC INDICATIONS:  For temporary relief of symptoms related to food additives, herbicides and insecticides including muscle weakness, skin irritation, poor muscle coordination, headache, cough, occasional diarrhea, dizziness, fatigue, fever, stomach pain and vomiting.** **These statements are based upon homeopathic principles. They have not been reviewed by the Food and Drug Administration.  HOMEOPATHIC INDICATIONS:  For temporary relief of symptoms related to food additives, herbicides and insecticides including muscle weakness, skin irritation, poor muscle coordination, headache, cough, occasional diarrhea, dizziness, fatigue, fever, stomach pain and vomiting.** **These statements are based upon homeopathic principles. They have not been reviewed by the Food and Drug Administration.",," WARNINGS:   Keep out of reach of children.  If pregnant or breast-feeding, Tamper seal: Sealed for Your Protection."
Intimate,,," WARNINGS:   If pregnant or breastfeeding,  Keep out of reach of children.  Tamper Evident:"
Jacksons Cell Salts KALI PHOS 6X,,, Warnings  WARNINGS
Jacksons Cell Salts MAG PHOS 6X,,, Warnings  WARNINGS
Joint Pain and Stiffness Relief," INDICATIONS:  May temporarily relieve pain due to inflammation caused by but not limited to the following: sprains, minor joint inflammation, trauma.** **Claims based on traditional homeopathic practice, not accepted medical evidence. Not FDA evaluated.  INDICATIONS:  May temporarily relieve pain due to inflammation caused by but not limited to the following: sprains, minor joint inflammation, trauma.** **Claims based on traditional homeopathic practice, not accepted medical evidence. Not FDA evaluated.",," WARNINGS:   For external use only.  If pregnant or breast-feeding,  Keep out of reach of children. Do not get into eyes.  Do not use if tamper evident seal is broken or missing.   SHAKE WELL"
KH42,,,
Kali Phos 6X,,,
LACHESIS MUTUS,,, WARNINGS  Stop use and ask a physician if symptoms persist for more than 3 days or worsen.
Lachesis Mutus,,, WARNINGS:  Stop use and ask a physician if symptoms persist for more than 3 days or worsen.
Lungs and Bronchial Relief,,," Warnings   Stop use and consult a physician  If pregnant or breast-feeding Keep out of reach of children. In case of overdose, get medical help or contact a Poison Control Center immediately. Reference image: Lungs.jpg"
Lycopodium Clavatum 30X,,,
Lymph," INDICATIONS:  For temporary relief of glandular swelling with inflammation and induration, glands hot, swollen, painful; scrofulous swelling, axillary glands swollen with soreness of the upper arm and tonsils.  INDICATIONS:  For temporary relief of glandular swelling with inflammation and induration, glands hot, swollen, painful; scrofulous swelling, axillary glands swollen with soreness of the upper arm and tonsils.",," WARNINGS:   If pregnant or breast-feeding,  Keep out of reach of children. Do not use if tamper evident seal is broken or missing. Store in cool, dry place."
MARS WELLNESS MAGNESIUM,,,
MBM 1 BLADDER, INDICATIONS:  For temporary relief of bladder irritation.  INDICATIONS:  For temporary relief of bladder irritation.,," WARNINGS:   ​If pregnant or breast-feeding,  ​Keep out of reach of children. Do not use if seal is broken or missing."
MBM 3 Heart-Shock," INDICATIONS:  For temporary relief of shock, excessive joy, guilt, and feelings of being overwhelmed.  INDICATIONS:  For temporary relief of shock, excessive joy, guilt, and feelings of being overwhelmed.",," WARNINGS:   If pregnant or breast-feeding,  Keep out of reach of children. Do not use if seal is broken or missing."
MYCCombination,,," WARNINGS:   If pregnant or breast-feeding,  Keep out of reach of children. Severe or persistent sore throat or sore throat accompanied by high fever, Headache, nausea, and vomiting may be serious. Consult a physician promptly. Do not use more than two days or administer to children under 3 years of age unless directed by a physician.   Tamper Evident:"
Magnesite Viscum,,,
Magnesium sulf. Bryonia,,,
Melatonin Forte,,," WARNINGS:   If pregnant or breast-feeding,  Keep out of reach of children. Do not use if tamper evident seal is broken or missing. Store in a cool, dry place."
Mercury Plus Detox," INDICATIONS:  Slow mind & memory. Agitation. Restlessness. Anxiety. Depression. Suicidal. Bone Pain. Vertigo. Headache. Skin. Scalp eruptions. Acne. Hair Loss. Oily sweat on head. Tremors. Canker Sores. Symptoms of autism, syphilis, Reproductive/endocrine problems.  INDICATIONS:  Slow mind & memory. Agitation. Restlessness. Anxiety. Depression. Suicidal. Bone Pain. Vertigo. Headache. Skin. Scalp eruptions. Acne. Hair Loss. Oily sweat on head. Tremors. Canker Sores. Symptoms of autism, syphilis, Reproductive/endocrine problems.",," WARNINGS:   ​If pregnant or breast-feeding  ​Keep out of reach of children. Do not use if tamper evident seal is broken or missing. Store in a cool, dry place."
MetDetox," INDICATIONS:  For temporary relief of symptoms related to heavy metal toxicity including cough, poor concentration, nausea, vomiting, occasional diarrhea, stomach pain, headache, sweating, and a metallic taste in the mouth.** **These statements are based upon homeopathic principles. They have not been reviewed by the Food and Drug Administration.",," WARNINGS:   Keep out of reach of children.  If pregnant or breast-feeding, Tamper seal: ""Sealed for Your Protection."" Do not use if seal is broken or missing."
Metox," HOMEOPATHIC INDICATIONS:  For temporary relief of symptoms related to heavy metal toxicity including cough, poor concentration, nausea, vomiting, occasional diarrhea, stomach pain, headache, sweating, and a metallic taste in the mouth.** **These statements are based upon homeopathic principles. They have not been reviewed by the Food and Drug Administration.  HOMEOPATHIC INDICATIONS:  For temporary relief of symptoms related to heavy metal toxicity including cough, poor concentration, nausea, vomiting, occasional diarrhea, stomach pain, headache, sweating, and a metallic taste in the mouth.** **These statements are based upon homeopathic principles. They have not been reviewed by the Food and Drug Administration.",," WARNINGS:   Keep out of reach of children.  If pregnant or breast-feeding, Tamper seal: ""Sealed for Your Protection."" Do not use if seal is broken or missing."
Multi-Strain Candida Relief,,, Warnings   Stop use and consult a physician if  If pregnant or breast-feeding
Natural Testosterone,,," WARNINGS:    If pregnant or breast-feeding,  Keep out of reach of children.  Do not use if tamper evident seal is broken or missing. Store in a cool, dry place."
Nephrovesic,,," WARNINGS:   If pregnant or breastfeeding, ask a health professional before use.  Keep out of reach of children.  Tamper Evident:"
Neurotox," INDICATIONS:  For temporary relief of symptoms due to numbness, tingling, muscle cramps, and nerve pain.",," WARNINGS:   If pregnant or breast-feeding,  Keep out of reach of children. Do not use if tamper evident seal is broken or missing. Store in cool, dry place."
Nexgen Restore," INDICATIONS:  For temporary relief of symptoms related to increased appetite, regulation of fat metabolism, headache, fatigue, and detoxification stress.  INDICATIONS:  For temporary relief of symptoms related to increased appetite, regulation of fat metabolism, headache, fatigue, and detoxification stress.",, WARNINGS:   Keep out of reach of children  If pregnant or breast-feeding Tamper seal: Sealed for Your Protection.
Nux vomica 30C - 3-Pack,,, WARNINGS  Stop use and ask a physician if symptoms persist for more than 3 days or worsen.
Nux vomica 30X,,,
Pituitary Forte, INDICATIONS:  For temporary relief of symptoms due to hypothalamic/pituitary dysregulation.  INDICATIONS:  For temporary relief of symptoms due to hypothalamic/pituitary dysregulation.,," WARNINGS:   If pregnant or breast-feeding,  Keep out of reach of children. Do not use if tamper evident seal is broken or missing. Store in a cool, dry place."
Progesterone,,," WARNINGS:   If pregnant or breast-feeding,  Keep out of reach of children. Do not use if tamper evident seal is broken or missing. Store in a cool, dry place."
Purple Dandruff,,,
Purple Dandruff Conditioner,,,
Radiation," INDICATIONS:  For temporary relief of symptoms related to mild radiation exposure including weakness, fatigue, exhaustion, fainting, dehydration and diarrhea.  INDICATIONS:  For temporary relief of symptoms related to mild radiation exposure including weakness, fatigue, exhaustion, fainting, dehydration and diarrhea.",,
Reflux, HOMEOPATHIC INDICATIONS:  For temporary relief of symptoms related to heartburn and esophageal reflux.** **These statements are based upon traditional homeopathic principles. They have not been reviewed by the Food and Drug Administration.  HOMEOPATHIC INDICATIONS:  For temporary relief of symptoms related to heartburn and esophageal reflux.** **These statements are based upon traditional homeopathic principles. They have not been reviewed by the Food and Drug Administration.,," WARNINGS:   Keep out of reach of children.  If pregnant or breast-feeding, Tamper seal: ""Sealed for Your Protection."" Do not use if seal is broken or missing."
Regional Allergies Southern U.S.,,," Warnings   Stop use and consult a physician  If pregnant or breast-feeding  Keep out of reach of children. In case of overdose, get medical help or contact a Poison Control Center immediately. Reference image:Southern U.S.jpg"
Rescue Remedy (Instant Calm),,,
Resentment,,," WARNINGS:   If pregnant or breastfeeding,  Keep out of reach of children.  Tamper Evident:"
Respiforce," INDICATIONS:  For temporary relief of minor aches and pains in muscles and joints, fever with dryness of mucous membranes and dry cough; muscular soreness and fatigue with headache.  INDICATIONS:  For temporary relief of minor aches and pains in muscles and joints, fever with dryness of mucous membranes and dry cough; muscular soreness and fatigue with headache.",," WARNINGS:   If pregnant or breast-feeding,  Keep out of reach of children. Do not use if tamper evident seal is broken or missing. Store in a cool, dry place."
Rheumatic Tonic," INDICATIONS:  For temporary relief of symptoms due to joint aches, pains, swelling, and rheumatism.  INDICATIONS:  For temporary relief of symptoms due to joint aches, pains, swelling, and rheumatism.",," WARNINGS:   If pregnant or breast-feeding,  Keep out of reach of children. Do not use if tamper evident seal is broken or missing. Store in cool, dry place."
Rhus Tox 30X,,,
SEPIA,,, WARNINGS  Stop use and ask a physician if symptoms persist for more than 3 days or worsen.
SOVEREIGN SILVER FIRST AID HOMEOPATHIC MEDICINE,,,
SOVEREIGN SILVER MULTI-SYMPTOM SORE THROAT,,,
SOVEREIGN SILVER NATURAL HEALING SKIN CARE,,,
SPONGIA TOSTA,,, WARNINGS  Stop use and ask a physician if symptoms persist for more than 3 days or worsen.
Sciatic Nerve Formula,,," Warnings   Stop use and consult a physician  If pregnant or breast-feeding Keep out of reach of children. In case of overdose, get medical help or contact a Poison Control Center immediately. Reference image: Sciatic Nerve Formula.jpg"
Seasonal Allergy Relief," Indications and Usage  Uses Changed to ■ Temporarily relieves symptoms of hay fever and other upper respiratory allergies, including: ■ runny nose ■ sneezing ■ itchy or watery eyes ■ itchy nose or throat ■ sinus pain ■ headache"," Dosage and Administration   Directions Adults and children 12 years and over:  05/09/2022 - Updates Directions ■ Use as directed.    Adults and children At onset of symptoms, dissolve 1-2 tablets",
Sepia 30c,,, WARNINGS:  Stop use and ask a physician if symptoms persist for more than 3 days or worsen.
Serotonin,,," WARNINGS:   ​If pregnant or breast-feeding,  ​Keep out of reach of children. Do not use if tamper evident seal is broken or missing. Store in a cool, dry place."
Shame,,," WARNINGS:   If pregnant or breastfeeding,  Keep out of reach of children.  Tamper Evident:"
Sinus Tonic,,," WARNINGS:   Sore Throat Warning ﻿S﻿﻿evere or persistent sore throat or sore throat accompanied by high fever, headache, nausea, and vomiting may be serious. Consult physician promptly. Do not use more than 2 days or administer to children under 3 years of age unless directed by physician.  If pregnant or breast-feeding,  Keep out of reach of children. Do not use if tamper evident seal is broken or missing. Store in a cool, dry place."
Skin Liquescence,,," WARNINGS:   If pregnant or breast-feeding, ask a health professional before use. In case of overdose, get medical help or contact a Poison Control Center right away. If condition worsens, seek medical attention.  KEEP OUT OF REACH OF CHILDREN  Do not use if tamper evident seal is broken or missing. Store in a cool place after opening"
Skin and Itch,,, Warnings   If symptoms persist or worsen  Keep out of reach of children. Reference image:Skin and Itch.jpg
Sleep Aid,,," Warnings   Stop use and consult a physician  If pregnant or breast-feeding  Keep out of reach of children. In case of overdose, get medical help or contact a Poison Control Center immediately. Reference image:Sleep .jpg"
SleepEase," INDICATIONS:  Temporarily relieves the common symptoms of sleeplessness, including: º wakefulness º restlessness º emotional stress and anxiety º caffeine sensitivity",," WARNINGS:   If sleeplessness persists continuously for more than 2 weeks, If pregnant or breast-feeding, Keep out of reach of children."
Snore Control,,," Warnings   Stop use and consult a physician  If pregnant or breast-feeding  Keep out of reach of children. In case of overdose, get medical help or contact a Poison Control Center immediately. Reference image:Snore Control.jpg"
Sovereign Silver,,,
Sovereign Silver First Aid Gel Topical Healing Homeopathic Medicine,,,
Spongia Tosta,,, WARNINGS:  Stop use and ask a physician if symptoms persist for more than 3 days or worsen.
Sprayology Stress Relief," INDICATIONS:  Temporarily relieves feelings of stress, including: ° anxiety ° nervousness ° mood swings ° irritability ° natural ° gluten & lactose free ° no artificial flavors or colors ° no known negative side effects ° no known negative drug interactions",," WARNINGS:   If symptoms persist or worsen, If pregnant or breast-feeding Keep out of reach of children"
Stannum 30X,,,
Stress and Anxiety,,," Warnings   Stop use and ask your doctor if  If pregnant or breast-feeding,  Keep out of reach of children. Reference image: Stress.jpg"
Swimmers Itch Guard,,,
TUBERCULOSIS ELIMINATOR,,,
Taraxacum 4X,,,
Testosterone,,,
Throat Formula," INDICATIONS:  For temporary relief of swollen tonsils, throat pain and burning of the throat.  INDICATIONS:  For temporary relief of swollen tonsils, throat pain and burning of the throat.",," WARNINGS:   If pregnant or breast-feeding,  Keep out of reach of children. Do not use if tamper evident seal is broken or missing. Store in a cool, dry place."
ThroatSpray," INDICATIONS:  May temporarily relieve swollen sensation, minor throat pain, and burning of the throat.** **Claims based on traditional homeopathic practice, not accepted medical evidence. Not FDA evaluated.  INDICATIONS:  May temporarily relieve swollen sensation, minor throat pain, and burning of the throat.** **Claims based on traditional homeopathic practice, not accepted medical evidence. Not FDA evaluated.",," WARNINGS:   If pregnant or breastfeeding,  Keep out of reach of children. Do not use if tamper evident seal is broken or missing. Store in a cool, dry place. Warning - Severe or persistent sore throat or sore throat accompanied by high fever, headache, nausea, and vomiting may be serious. Consult physician promptly. Do not use more than 2 days or administer to children under 3 years of age unless directed by physician."
Tree Antigens," INDICATIONS:  May temporarily relieve symptoms associated with tree sensitivities, such as congestion and runny nose and sneezing.** **Claims based on traditional homeopathic practice, not accepted medical evidence. Not FDA evalutated.  INDICATIONS:  May temporarily relieve symptoms associated with tree sensitivities, such as congestion and runny nose and sneezing.** **Claims based on traditional homeopathic practice, not accepted medical evidence. Not FDA evalutated.",," WARNINGS:   If pregnant or breastfeeding,  Keep out of reach of children. Do not use if tamper evident seal is broken or missing. Store in a cool, dry place."
VACC HC,,," WARNINGS:   If pregnant or breast-feeding,  Keep out of reach of children.  Tamper Evident:"
Vax Sode," INDICATIONS:  Aids in temporary relief of symptoms including sweats, chills, minor aches of muscles and joints, fatigue and headache.† †Claims based on traditional homeopathic practice, not accepted medical evidence. Not FDA evaluated.",," WARNINGS:   Professional Use Only  If pregnant or breast-feeding, In case of overdose, get medical help or contact a Poison Control Center right away. If condition worsens, seek medical attention.  KEEP OUT OF REACH OF CHILDREN  Do not use if tamper evident seal is broken or missing.  Store in a cool place after opening"
Vermex," INDICATIONS:  For temporary relief of itching of the anus, colic, bloating, pain, and constipation.  INDICATIONS:  For temporary relief of itching of the anus, colic, bloating, pain, and constipation.",," WARNINGS:   If pregnant or breast-feeding,  Keep out of reach of children. Do not use if tamper evident seal is broken or missing. Store in a cool, dry place."
Vir Combination,,," WARNINGS:   If pregnant or breast-feeding,  Keep out of reach of children.  Tamper Evident:"
Virex," INDICATIONS:  Aids in temporary relief of symptoms including occasional headaches, sweats, chills, runny nose, and minor aches of muscles and joints.† †Claims based on traditional homeopathic practice, not accepted medical evidence. Not FDA evaluated.",," WARNINGS:   Professional Use Only  If pregnant or breast-feeding, In case of overdose, get medical help or contact a Poison Control Center right away. If condition worsens, seek medical attention.  KEEP OUT OF REACH OF CHILDREN  Do not use if tamper evident seal is broken or missing.  Store in a cool place after opening"
Viri Sode," INDICATIONS:  Aids in temporary relief of symptoms including fatigue, occasional headaches, sweats, chills, runny nose, and minor aches of muscles and joints.† †Claims based on traditional homeopathic practice, not accepted medical evidence. Not FDA evaluated.",," WARNINGS:   Professional Use Only  If pregnant or breast-feeding, In case of overdose, get medical help or contact a Poison Control Center right away. If condition worsens, seek medical attention.  KEEP OUT OF REACH OF CHILDREN  Do not use if tamper evident seal is broken or missing.  Store in a cool place after opening"
Virimmune,,," WARNINGS:   If pregnant or breastfeeding,  Keep out of reach of children.  Tamper Evident:"
iShanCare,," Dosage & administration  Apply as needed, do not re-use."," Warning  For external use only. Avoid direct contact witheyes.lf excessive redness, irritation, burning ordiscomfort of the skin develops, discontinueuse and consult a physician immediately. Donot apply to wounds or to irrtated, damaged,sunburned or very sensitve skin. The coolinggel sheet will not stick to skin if the skin is wetor if the gel sheet comes into contact with haireyebrows or clothing. Keep out of the reach ofchildren.Consult physician if fever persists orcondition worsens."
iShancare NAIL FUNGUS SERUM,, Dosage & administration  Apply 2-3 times a day," Warning  Warnings: For external use only * Do not use on children under 2 years of age unless directed by a doctor. * Avoid contact with eyes when using this product, if contact occurs rinse thoroughly with water * Stop use and ask a doctor if"
